@id,@lon,@lat,name
1001767238,20.8988067,41.7965974,
1775577608,21.7249651,42.1297332,
3637336299,21.3925657,41.9983592,
3637336300,21.3922143,41.9987363,
3637336406,21.3925502,41.9982434,
3637336408,21.3925085,41.9982932,
3637336409,21.3925179,41.9983628,
3637336601,21.3924992,41.9982236,
3637336602,21.3920166,41.9988164,
3637336898,21.3925023,41.9982469,
3637336899,21.3925564,41.9982896,
3637336900,21.3925626,41.9983361,
3637336902,21.3922109,41.9986602,
3637336903,21.3921861,41.9986801,
3637337704,21.3925148,41.9983397,
3637337996,21.3925471,41.9982200,
3637337997,21.3925116,41.9983163,
3637337999,21.3921370,41.9987196,
3637338000,21.3921654,41.9987756,
3637338308,21.3922390,41.9987164,
3637338309,21.3921399,41.9987961,
3637338396,21.3922638,41.9986965,
3637338397,21.3921164,41.9988150,
3637338602,21.3925533,41.9982668,
3637338603,21.3925055,41.9982703,
3637338607,21.3921899,41.9987559,
3637338608,21.3920870,41.9987598,
3637338609,21.3920635,41.9987787,
3637338610,21.3920398,41.9987978,
3637338612,21.3920694,41.9988528,
3637338798,21.3920927,41.9988341,
3637342799,21.3925595,41.9983128,
3637342800,21.3922356,41.9986403,
3637342801,21.3922885,41.9986766,
3637342802,21.3921125,41.9987393,
3637352493,21.3921614,41.9986999,
3650810436,21.4028856,42.0090462,
3650810531,21.4028966,42.0091738,
3650810637,21.4028893,42.0090898,
3650852026,21.4030126,42.0089979,
3650852027,21.4028819,42.0090042,
3650852028,21.4028930,42.0091319,
3650852030,21.4030273,42.0091676,
3650852127,21.4030163,42.0090400,
3650852128,21.4029002,42.0092159,
3650852129,21.4029039,42.0092579,
3650902529,21.4030237,42.0091257,
3650903726,21.4030201,42.0090836,
3650903830,21.4030346,42.0092517,
3650904025,21.4030310,42.0092096,
4005785912,21.7249847,42.1294639,
4005785913,21.7248694,42.1295713,
4005785914,21.7250303,42.1296777,
4005785915,21.7248935,42.1297941,
4005785916,21.7246843,42.1296578,
4005785917,21.7249431,42.1294390,
4433162361,22.1759054,41.7551851,
4433162362,22.1761311,41.7550157,
4433162363,22.1755269,41.7545679,
4433162364,22.1753012,41.7547374,
4433944818,22.1817630,41.7482755,
4433944819,22.1818479,41.7481891,
4433944820,22.1823128,41.7484212,
4433944821,22.1822174,41.7484998,
4433960969,22.1857939,41.7473950,
4433960970,22.1857643,41.7475434,
4433960971,22.1858199,41.7472643,
4433960972,22.1863624,41.7473245,
4433960973,22.1863069,41.7476035,
4433969771,22.1757984,41.7560177,
4433969772,22.1760692,41.7558080,
4433969773,22.1757772,41.7555982,
4433969774,22.1755064,41.7558079,
4433988149,22.1609243,41.7608579,
4433988150,22.1611321,41.7608161,
4433988151,22.1610807,41.7606611,
4433988152,22.1612628,41.7606175,
4433988153,22.1612161,41.7604991,
4433988154,22.1608636,41.7605618,
5761413842,20.9122166,41.7896811,
5761413843,20.9122688,41.7894944,
5761413844,20.9125166,41.7895080,
5761413845,20.9124827,41.7896092,
5761413846,20.9127254,41.7894944,
5761413847,20.9127958,41.7892804,
5761413848,20.9129732,41.7893349,
5761413849,20.9129132,41.7894438,
5761413850,20.9131636,41.7893330,
5761413851,20.9132941,41.7890237,
5761413852,20.9134897,41.7890665,
5761413853,20.9133828,41.7892902,
5761413854,20.9128295,41.7894664,
5761413857,20.9124415,41.7896203,
5761413863,20.9140533,41.7889945,
5761413864,20.9144133,41.7890742,
5761413865,20.9146403,41.7890392,
5761413866,20.9146533,41.7889556,
5761413867,20.9141211,41.7888467,
5761413872,20.8988785,41.7968201,
5761413873,20.8987327,41.7967185,
5761413874,20.8989933,41.7967147,
5761413877,20.9002446,41.7939370,
5761413878,20.9004505,41.7939452,
5761413879,20.9004632,41.7937516,
5761413880,20.9002494,41.7937551,
6352075472,22.1896910,41.7360218,
6352075473,22.1897510,41.7360141,
6352075474,22.1897555,41.7360337,
6352075475,22.1896955,41.7360414,
6352075476,22.1897644,41.7360112,
6352075477,22.1898244,41.7360035,
6352075478,22.1898290,41.7360232,
6352075479,22.1897690,41.7360309,
6352075480,22.1898362,41.7360015,
6352075481,22.1898962,41.7359938,
6352075482,22.1899007,41.7360134,
6352075483,22.1898407,41.7360211,
6352075484,22.1896223,41.7360323,
6352077485,22.1896821,41.7360240,
6352077486,22.1896870,41.7360436,
6352077487,22.1896272,41.7360520,
6352077488,22.1895485,41.7360403,
6352077489,22.1896091,41.7360356,
6352077490,22.1896118,41.7360555,
6352077491,22.1895512,41.7360601,
6352077492,22.1893279,41.7360433,
6352077493,22.1893888,41.7360428,
6352077494,22.1893890,41.7360628,
6352077495,22.1893281,41.7360632,
6352077496,22.1894721,41.7360425,
6352077497,22.1895330,41.7360420,
6352077498,22.1895333,41.7360620,
6352077499,22.1894724,41.7360624,
6352077500,22.1893977,41.7360450,
6352077501,22.1894586,41.7360445,
6352077502,22.1894588,41.7360645,
6352077503,22.1893979,41.7360649,
6352077504,22.1892562,41.7360408,
6352077505,22.1893169,41.7360448,
6352077506,22.1893146,41.7360646,
6352077507,22.1892539,41.7360607,
6352077508,22.1891818,41.7360343,
6352077509,22.1892425,41.7360383,
6352077510,22.1892402,41.7360581,
6352077511,22.1891795,41.7360542,
6352077512,22.1891047,41.7360278,
6352077513,22.1891654,41.7360318,
6352077514,22.1891631,41.7360516,
6352077515,22.1891024,41.7360477,
6352077516,22.1890349,41.7360213,
6352077517,22.1890956,41.7360252,
6352077518,22.1890933,41.7360451,
6352077519,22.1890326,41.7360412,
6352077520,22.1889659,41.7360133,
6352077521,22.1890265,41.7360172,
6352077522,22.1890242,41.7360371,
6352077523,22.1889636,41.7360332,
6352077524,22.1888899,41.7359962,
6352077525,22.1889497,41.7360047,
6352077526,22.1889447,41.7360242,
6352077527,22.1888849,41.7360158,
6352077528,22.1888275,41.7359847,
6352077529,22.1888873,41.7359931,
6352077530,22.1888823,41.7360127,
6352077531,22.1888225,41.7360043,
6352077532,22.1887598,41.7359732,
6352077533,22.1888196,41.7359816,
6352077534,22.1888146,41.7360012,
6352077535,22.1887548,41.7359927,
6352077536,22.1899024,41.7359936,
6352077537,22.1899624,41.7359859,
6352077538,22.1899669,41.7360056,
6352077539,22.1899069,41.7360133,
6352077540,22.1899678,41.7359843,
6352077541,22.1900278,41.7359766,
6352077542,22.1900324,41.7359963,
6352077543,22.1899724,41.7360040,
6352077544,22.1900386,41.7359742,
6352077545,22.1900986,41.7359665,
6352077546,22.1901032,41.7359861,
6352077547,22.1900431,41.7359939,
6352077548,22.1901234,41.7359610,
6352077549,22.1901834,41.7359533,
6352077550,22.1901879,41.7359730,
6352077551,22.1901279,41.7359807,
6352077552,22.1903017,41.7359336,
6352077553,22.1903617,41.7359259,
6352077554,22.1903662,41.7359456,
6352077555,22.1903062,41.7359533,
6352077556,22.1903868,41.7359244,
6352077557,22.1904477,41.7359253,
6352077558,22.1904472,41.7359453,
6352077559,22.1903863,41.7359444,
6352077560,22.1904618,41.7359228,
6352077561,22.1905227,41.7359237,
6352077562,22.1905222,41.7359437,
6352077563,22.1904613,41.7359428,
6352077565,22.1905316,41.7359205,
6352077566,22.1905924,41.7359213,
6352077567,22.1905919,41.7359413,
6352077568,22.1905310,41.7359404,
6352077569,22.1906091,41.7359202,
6352077570,22.1906687,41.7359292,
6352077571,22.1906635,41.7359487,
6352077572,22.1906038,41.7359397,
6352077573,22.1906782,41.7359309,
6352077574,22.1907379,41.7359399,
6352077575,22.1907326,41.7359594,
6352077576,22.1906730,41.7359505,
6352077577,22.1907464,41.7359436,
6352077578,22.1908061,41.7359526,
6352077579,22.1908008,41.7359722,
6352077580,22.1907411,41.7359632,
6352077581,22.1908166,41.7359571,
6352077582,22.1908763,41.7359661,
6352077583,22.1908710,41.7359857,
6352077584,22.1908113,41.7359767,
6352077685,22.1908920,41.7359691,
6352077686,22.1909468,41.7359891,
6352077687,22.1909350,41.7360070,
6352077688,22.1908803,41.7359871,
6352077689,22.1909618,41.7359930,
6352077690,22.1910165,41.7360129,
6352077691,22.1910048,41.7360308,
6352077692,22.1909500,41.7360109,
6352077693,22.1910235,41.7360156,
6352077694,22.1910782,41.7360355,
6352077695,22.1910665,41.7360535,
6352077696,22.1910118,41.7360335,
6352077697,22.1910906,41.7360386,
6352077698,22.1911453,41.7360586,
6352077699,22.1911335,41.7360765,
6352077700,22.1910788,41.7360566,
6352077701,22.1911619,41.7360629,
6352077702,22.1912166,41.7360828,
6352077703,22.1912049,41.7361007,
6352077704,22.1911502,41.7360808,
6352077705,22.1912215,41.7360843,
6352077706,22.1912762,41.7361043,
6352077707,22.1912645,41.7361222,
6352077708,22.1912098,41.7361022,
6352077709,22.1912859,41.7361081,
6352077710,22.1913406,41.7361281,
6352077711,22.1913289,41.7361460,
6352077712,22.1912742,41.7361261,
6352077713,22.1914131,41.7361574,
6352077714,22.1914678,41.7361773,
6352077715,22.1914561,41.7361952,
6352077716,22.1914014,41.7361753,
6352077717,22.1914775,41.7361816,
6352077718,22.1915322,41.7362016,
6352077719,22.1915205,41.7362195,
6352077720,22.1914658,41.7361995,
6352077721,22.1915525,41.7362078,
6352077722,22.1916072,41.7362278,
6352077723,22.1915955,41.7362457,
6352077724,22.1915408,41.7362257,
6352077725,22.1916175,41.7362320,
6352077726,22.1916722,41.7362520,
6352077727,22.1916604,41.7362699,
6352077728,22.1916057,41.7362500,
6352077729,22.1916803,41.7362547,
6352077730,22.1917350,41.7362746,
6352077731,22.1917232,41.7362926,
6352077732,22.1916685,41.7362726,
6352077733,22.1917425,41.7362753,
6352077734,22.1917972,41.7362953,
6352077735,22.1917855,41.7363132,
6352077736,22.1917308,41.7362933,
6352077737,22.1918064,41.7362988,
6352077738,22.1918611,41.7363187,
6352077739,22.1918494,41.7363366,
6352077740,22.1917947,41.7363167,
6352077741,22.1918697,41.7363234,
6352077742,22.1919244,41.7363433,
6352077743,22.1919127,41.7363613,
6352077744,22.1918580,41.7363413,
6352077745,22.1922966,41.7364653,
6352077746,22.1923536,41.7364814,
6352077747,22.1923441,41.7365000,
6352077748,22.1922871,41.7364839,
6352077749,22.1923684,41.7364867,
6352077750,22.1924254,41.7365028,
6352077751,22.1924159,41.7365215,
6352077752,22.1923590,41.7365054,
6352077753,22.1924453,41.7365050,
6352077754,22.1925022,41.7365211,
6352077755,22.1924928,41.7365397,
6352077756,22.1924358,41.7365237,
6352077757,22.1925193,41.7365231,
6352077758,22.1925763,41.7365392,
6352077759,22.1925668,41.7365578,
6352077760,22.1925099,41.7365417,
6352077761,22.1925856,41.7365391,
6352077762,22.1926461,41.7365442,
6352077763,22.1926431,41.7365640,
6352077764,22.1925826,41.7365589,
6352077765,22.1927313,41.7365585,
6352077766,22.1927912,41.7365666,
6352077767,22.1927864,41.7365862,
6352077768,22.1927265,41.7365781,
6352077769,22.1928039,41.7365686,
6352077770,22.1928638,41.7365767,
6352077771,22.1928591,41.7365963,
6352077772,22.1927992,41.7365882,
6352077773,22.1928825,41.7365787,
6352077774,22.1929424,41.7365868,
6352077775,22.1929376,41.7366064,
6352077776,22.1928777,41.7365983,
6352077777,22.1929492,41.7365900,
6352077778,22.1930092,41.7365981,
6352077779,22.1930044,41.7366177,
6352077780,22.1929445,41.7366096,
6352077781,22.1930244,41.7366026,
6352077782,22.1930843,41.7366107,
6352077783,22.1930796,41.7366304,
6352077784,22.1930197,41.7366222,
6352077885,22.1930946,41.7366133,
6352077886,22.1931545,41.7366215,
6352077887,22.1931497,41.7366411,
6352077888,22.1930898,41.7366329,
6352077889,22.1931621,41.7366240,
6352077890,22.1932221,41.7366322,
6352077891,22.1932173,41.7366518,
6352077892,22.1931574,41.7366437,
6352077893,22.1932365,41.7366348,
6352077894,22.1932964,41.7366429,
6352077895,22.1932916,41.7366625,
6352077896,22.1932317,41.7366544,
6352077897,22.1933024,41.7366461,
6352077898,22.1933623,41.7366542,
6352077899,22.1933575,41.7366739,
6352077900,22.1932976,41.7366657,
6352077901,22.1933657,41.7366549,
6352077902,22.1934235,41.7366637,
6352077903,22.1934209,41.7366827,
6352077904,22.1933610,41.7366746,
6352077905,22.1941829,41.7367819,
6352077906,22.1942385,41.7368005,
6352077907,22.1942275,41.7368187,
6352077908,22.1941720,41.7368001,
6352077909,22.1942500,41.7368059,
6352077910,22.1943055,41.7368245,
6352077911,22.1942946,41.7368427,
6352077912,22.1942390,41.7368241,
6352077914,22.1943170,41.7368274,
6352077915,22.1943726,41.7368460,
6352077916,22.1943616,41.7368642,
6352077917,22.1943061,41.7368456,
6352077918,22.1943854,41.7368499,
6352077919,22.1944410,41.7368685,
6352077920,22.1944300,41.7368867,
6352077921,22.1943745,41.7368681,
6352077922,22.1944491,41.7368724,
6352077923,22.1945047,41.7368911,
6352077924,22.1944937,41.7369093,
6352077925,22.1944382,41.7368906,
6352077926,22.1945176,41.7368966,
6352077927,22.1945709,41.7369186,
6352077928,22.1945580,41.7369361,
6352077929,22.1945047,41.7369141,
6352077930,22.1945766,41.7369212,
6352077931,22.1946299,41.7369431,
6352077932,22.1946170,41.7369606,
6352077933,22.1945637,41.7369386,
6352077934,22.1946383,41.7369467,
6352077935,22.1946916,41.7369687,
6352077936,22.1946787,41.7369861,
6352077937,22.1946254,41.7369641,
6352077938,22.1946967,41.7369717,
6352077939,22.1947500,41.7369937,
6352077940,22.1947370,41.7370111,
6352077941,22.1946837,41.7369892,
6352077942,22.1947564,41.7370002,
6352077943,22.1948096,41.7370222,
6352077944,22.1947967,41.7370397,
6352077945,22.1947434,41.7370177,
6352077946,22.1948251,41.7370289,
6352077947,22.1948705,41.7370592,
6352077948,22.1948527,41.7370740,
6352077949,22.1948073,41.7370437,
6352077950,22.1948748,41.7370629,
6352077951,22.1949201,41.7370932,
6352077952,22.1949023,41.7371081,
6352077953,22.1948569,41.7370778,
6352077954,22.1949250,41.7370974,
6352077955,22.1949704,41.7371277,
6352077956,22.1949526,41.7371426,
6352077957,22.1949072,41.7371123,
6352077958,22.1949753,41.7371310,
6352077959,22.1950207,41.7371613,
6352077960,22.1950029,41.7371761,
6352077961,22.1949575,41.7371458,
6352077962,22.1950263,41.7371650,
6352077963,22.1950717,41.7371953,
6352077964,22.1950538,41.7372101,
6352077965,22.1950085,41.7371798,
6352077966,22.1950766,41.7371985,
6352077967,22.1951220,41.7372288,
6352077968,22.1951041,41.7372437,
6352077969,22.1950588,41.7372134,
6352077970,22.1951269,41.7372310,
6352077971,22.1951722,41.7372613,
6352077972,22.1951544,41.7372762,
6352077973,22.1951090,41.7372459,
6352077974,22.1955827,41.7375083,
6352077975,22.1956280,41.7375386,
6352077976,22.1956102,41.7375535,
6352077977,22.1955648,41.7375232,
6352077978,22.1956336,41.7375419,
6352077979,22.1956790,41.7375722,
6352077980,22.1956612,41.7375870,
6352077981,22.1956158,41.7375567,
6352077982,22.1956853,41.7375759,
6352077983,22.1957306,41.7376062,
6352077984,22.1957128,41.7376211,
6352078085,22.1956674,41.7375907,
6352078086,22.1957356,41.7376082,
6352078087,22.1957809,41.7376385,
6352078088,22.1957631,41.7376534,
6352078089,22.1957177,41.7376231,
6352078090,22.1957866,41.7376415,
6352078091,22.1958342,41.7376699,
6352078092,22.1958175,41.7376855,
6352078093,22.1957700,41.7376571,
6352078094,22.1958399,41.7376737,
6352078095,22.1958874,41.7377021,
6352078096,22.1958708,41.7377176,
6352078097,22.1958232,41.7376893,
6352078098,22.1958952,41.7377063,
6352078099,22.1959428,41.7377346,
6352078100,22.1959261,41.7377502,
6352078101,22.1958785,41.7377219,
6352078102,22.1959522,41.7377408,
6352078103,22.1959997,41.7377692,
6352078104,22.1959831,41.7377848,
6352078105,22.1959355,41.7377564,
6352078106,22.1960048,41.7377730,
6352078107,22.1960524,41.7378013,
6352078108,22.1960358,41.7378169,
6352078109,22.1959882,41.7377886,
6352078110,22.1960639,41.7378075,
6352078111,22.1961115,41.7378359,
6352078112,22.1960948,41.7378515,
6352078113,22.1960472,41.7378231,
6352078114,22.1961650,41.7378715,
6352078115,22.1962126,41.7378998,
6352078116,22.1961959,41.7379154,
6352078117,22.1961484,41.7378871,
6352078118,22.1962151,41.7379029,
6352078119,22.1962627,41.7379312,
6352078120,22.1962460,41.7379468,
6352078121,22.1961984,41.7379184,
6352078122,22.1962656,41.7379342,
6352078123,22.1963132,41.7379626,
6352078124,22.1962965,41.7379782,
6352078125,22.1962490,41.7379498,
6352078126,22.1963242,41.7379680,
6352078127,22.1963718,41.7379963,
6352078128,22.1963551,41.7380119,
6352078129,22.1963075,41.7379836,
6352078130,22.1963782,41.7380032,
6352078131,22.1964335,41.7380221,
6352078132,22.1964224,41.7380403,
6352078133,22.1963671,41.7380213,
6352078134,22.1964426,41.7380246,
6352078135,22.1964979,41.7380436,
6352078136,22.1964868,41.7380617,
6352078137,22.1964315,41.7380428,
6352078138,22.1965043,41.7380465,
6352078139,22.1965597,41.7380654,
6352078140,22.1965485,41.7380835,
6352078141,22.1964932,41.7380646,
6352078142,22.1965647,41.7380708,
6352078143,22.1966236,41.7380820,
6352078144,22.1966170,41.7381014,
6352078145,22.1965580,41.7380901,
6352078146,22.1966306,41.7380843,
6352078147,22.1966896,41.7380955,
6352078148,22.1966830,41.7381149,
6352078149,22.1966240,41.7381036,
6352078150,22.1967014,41.7380982,
6352078151,22.1967604,41.7381094,
6352078152,22.1967538,41.7381288,
6352078153,22.1966948,41.7381175,
6352078154,22.1967658,41.7381101,
6352078155,22.1968248,41.7381214,
6352078156,22.1968182,41.7381407,
6352078157,22.1967592,41.7381294,
6352089499,22.1972003,41.7381676,
6352089500,22.1972610,41.7381717,
6352089501,22.1972586,41.7381916,
6352089502,22.1971979,41.7381874,
6352089503,22.1972711,41.7381735,
6352089504,22.1973318,41.7381777,
6352089505,22.1973294,41.7381975,
6352089506,22.1972687,41.7381934,
6352089507,22.1973462,41.7381803,
6352089508,22.1974068,41.7381844,
6352089509,22.1974044,41.7382043,
6352089510,22.1973438,41.7382001,
6352089511,22.1974191,41.7381851,
6352089512,22.1974797,41.7381892,
6352089513,22.1974773,41.7382090,
6352089514,22.1974167,41.7382049,
6352089515,22.1974925,41.7381932,
6352089516,22.1975515,41.7381817,
6352089517,22.1975582,41.7382009,
6352089518,22.1974993,41.7382124,
6352089519,22.1975569,41.7381816,
6352089520,22.1976159,41.7381701,
6352089521,22.1976226,41.7381894,
6352089522,22.1975637,41.7382009,
6352089523,22.1976218,41.7381689,
6352089524,22.1976808,41.7381574,
6352089525,22.1976876,41.7381767,
6352089526,22.1976286,41.7381882,
6352089527,22.1976868,41.7381558,
6352089528,22.1977457,41.7381443,
6352089529,22.1977525,41.7381636,
6352089530,22.1976936,41.7381751,
6352089531,22.1977538,41.7381411,
6352089532,22.1978128,41.7381296,
6352089533,22.1978196,41.7381489,
6352089534,22.1977606,41.7381604,
6352089535,22.1978195,41.7381292,
6352089536,22.1978736,41.7381083,
6352089537,22.1978859,41.7381259,
6352089538,22.1978318,41.7381468,
6352089539,22.1978802,41.7381065,
6352089540,22.1979343,41.7380856,
6352089541,22.1979466,41.7381033,
6352089542,22.1978925,41.7381242,
6352089543,22.1979478,41.7380815,
6352089544,22.1980018,41.7380606,
6352089545,22.1980142,41.7380783,
6352089546,22.1979601,41.7380992,
6352089547,22.1980100,41.7380557,
6352089548,22.1980641,41.7380348,
6352089549,22.1980764,41.7380525,
6352089550,22.1980223,41.7380734,
6352089551,22.1980728,41.7380293,
6352089552,22.1981231,41.7380036,
6352089553,22.1981382,41.7380200,
6352089554,22.1980879,41.7380457,
6352089555,22.1981319,41.7379999,
6352089556,22.1981821,41.7379742,
6352089557,22.1981973,41.7379907,
6352089558,22.1981470,41.7380164,
6352089559,22.1981883,41.7379717,
6352089560,22.1982385,41.7379460,
6352089561,22.1982537,41.7379625,
6352089562,22.1982034,41.7379882,
6352089563,22.1982527,41.7379408,
6352089564,22.1983029,41.7379151,
6352089565,22.1983181,41.7379315,
6352089566,22.1982678,41.7379572,
6352089567,22.1983118,41.7379110,
6352089568,22.1983620,41.7378853,
6352089569,22.1983771,41.7379017,
6352089570,22.1983269,41.7379274,
6352089571,22.1983703,41.7378836,
6352089572,22.1984206,41.7378579,
6352089573,22.1984357,41.7378743,
6352089574,22.1983854,41.7379000,
6352089575,22.1984991,41.7378284,
6352089576,22.1985494,41.7378027,
6352089577,22.1985645,41.7378191,
6352089578,22.1985142,41.7378448,
6352089579,22.1985534,41.7378026,
6352089580,22.1986036,41.7377769,
6352089581,22.1986188,41.7377933,
6352089582,22.1985685,41.7378190,
6352089583,22.1986093,41.7377756,
6352089584,22.1986595,41.7377499,
6352089585,22.1986747,41.7377663,
6352089586,22.1986244,41.7377920,
6352089587,22.1986662,41.7377466,
6352089588,22.1987165,41.7377209,
6352089589,22.1987316,41.7377373,
6352089590,22.1986814,41.7377630,
6352089591,22.1987227,41.7377184,
6352089592,22.1987729,41.7376927,
6352089593,22.1987880,41.7377091,
6352089594,22.1987378,41.7377348,
6352089595,22.1987791,41.7376914,
6352089596,22.1988293,41.7376657,
6352089597,22.1988444,41.7376821,
6352089598,22.1987942,41.7377078,
6352089599,22.1988350,41.7376652,
6352089600,22.1988852,41.7376395,
6352089601,22.1989003,41.7376559,
6352089602,22.1988501,41.7376816,
6352089603,22.1988904,41.7376378,
6352089604,22.1989437,41.7376158,
6352089605,22.1989566,41.7376332,
6352089606,22.1989033,41.7376552,
6352089607,22.1989500,41.7376155,
6352089608,22.1990033,41.7375935,
6352089609,22.1990163,41.7376110,
6352089610,22.1989629,41.7376329,
6352089611,22.1990085,41.7375913,
6352089612,22.1990619,41.7375693,
6352089613,22.1990748,41.7375867,
6352089614,22.1990215,41.7376087,
6352089615,22.1990660,41.7375675,
6352089616,22.1991193,41.7375455,
6352089617,22.1991323,41.7375629,
6352089618,22.1990790,41.7375849,
6352089619,22.1991267,41.7375409,
6352089620,22.1991800,41.7375189,
6352089621,22.1991929,41.7375363,
6352089622,22.1991396,41.7375583,
6352089623,22.1991895,41.7375131,
6352089624,22.1992428,41.7374911,
6352089625,22.1992558,41.7375085,
6352089626,22.1992024,41.7375305,
6352089627,22.1992603,41.7374821,
6352089628,22.1993136,41.7374601,
6352089629,22.1993265,41.7374775,
6352089630,22.1992732,41.7374995,
6352089631,22.1993214,41.7374572,
6352089632,22.1993714,41.7374313,
6352089633,22.1993867,41.7374476,
6352089634,22.1993367,41.7374736,
6352089635,22.1993805,41.7374270,
6352089636,22.1994305,41.7374011,
6352089637,22.1994458,41.7374174,
6352089638,22.1993958,41.7374434,
6352089639,22.1994428,41.7373992,
6352089640,22.1994928,41.7373733,
6352089641,22.1995081,41.7373896,
6352089642,22.1994581,41.7374156,
6352089643,22.1995067,41.7373695,
6352089644,22.1995566,41.7373435,
6352089645,22.1995719,41.7373598,
6352089646,22.1995219,41.7373858,
6352089647,22.1995700,41.7373413,
6352089648,22.1996200,41.7373153,
6352089649,22.1996353,41.7373316,
6352089650,22.1995853,41.7373576,
6352089651,22.1996269,41.7373139,
6352089652,22.1996769,41.7372879,
6352089653,22.1996922,41.7373042,
6352089654,22.1996422,41.7373302,
6352089655,22.1996839,41.7372853,
6352089656,22.1997339,41.7372593,
6352089657,22.1997492,41.7372756,
6352089658,22.1996992,41.7373016,
6352089659,22.1997403,41.7372575,
6352089660,22.1997903,41.7372315,
6352089661,22.1998056,41.7372478,
6352089662,22.1997556,41.7372738,
6352089663,22.1998015,41.7372277,
6352089664,22.1998515,41.7372017,
6352089665,22.1998668,41.7372180,
6352089666,22.1998168,41.7372440,
6352089667,22.1998643,41.7371999,
6352089668,22.1999143,41.7371739,
6352089669,22.1999296,41.7371902,
6352089670,22.1998796,41.7372162,
6352089671,22.1999191,41.7371737,
6352089672,22.1999691,41.7371477,
6352089673,22.1999844,41.7371640,
6352089674,22.1999344,41.7371900,
6352089675,22.1999824,41.7371461,
6352089676,22.2000378,41.7371274,
6352089677,22.2000489,41.7371455,
6352089678,22.1999934,41.7371643,
6352089679,22.2000478,41.7371239,
6352089680,22.2001033,41.7371051,
6352089681,22.2001144,41.7371232,
6352089682,22.2000589,41.7371420,
6352089683,22.2001111,41.7371040,
6352089684,22.2001619,41.7370789,
6352089685,22.2001767,41.7370955,
6352089686,22.2001259,41.7371206,
6352089687,22.2001665,41.7370770,
6352089688,22.2002173,41.7370519,
6352089689,22.2002320,41.7370685,
6352089690,22.2001812,41.7370936,
6352089691,22.2002223,41.7370488,
6352089692,22.2002731,41.7370237,
6352089693,22.2002879,41.7370403,
6352089694,22.2002371,41.7370654,
6352089695,22.2002777,41.7370206,
6352089696,22.2003285,41.7369955,
6352089697,22.2003433,41.7370121,
6352089698,22.2002925,41.7370372,
6352089699,22.2003304,41.7369928,
6352089700,22.2003812,41.7369677,
6352089701,22.2003959,41.7369843,
6352089702,22.2003452,41.7370094,
6352089703,22.2003836,41.7369642,
6352089704,22.2004344,41.7369391,
6352089705,22.2004492,41.7369557,
6352089706,22.2003984,41.7369808,
6352089707,22.2004379,41.7369364,
6352089708,22.2004887,41.7369113,
6352089709,22.2005035,41.7369279,
6352089710,22.2004527,41.7369530,
6352089711,22.2004927,41.7369090,
6352089712,22.2005435,41.7368839,
6352089713,22.2005583,41.7369005,
6352089714,22.2005075,41.7369256,
6352089715,22.2005491,41.7368812,
6352089716,22.2005999,41.7368561,
6352089717,22.2006147,41.7368727,
6352089718,22.2005639,41.7368978,
6352089719,22.2006055,41.7368526,
6352089720,22.2006563,41.7368275,
6352089721,22.2006711,41.7368441,
6352089722,22.2006203,41.7368692,
6352089723,22.2006598,41.7368252,
6352089724,22.2007106,41.7368001,
6352089725,22.2007254,41.7368167,
6352089726,22.2006746,41.7368418,
6352089727,22.2007157,41.7367970,
6352089728,22.2007665,41.7367719,
6352089729,22.2007813,41.7367885,
6352089730,22.2007305,41.7368136,
6352111946,22.2020022,41.7384167,
6352111947,22.2020631,41.7384146,
6352111948,22.2020644,41.7384345,
6352111949,22.2020035,41.7384365,
6352111950,22.2020740,41.7384142,
6352111951,22.2021349,41.7384121,
6352111952,22.2021362,41.7384320,
6352111953,22.2020753,41.7384340,
6352111954,22.2018700,41.7384152,
6352111955,22.2019310,41.7384151,
6352111956,22.2019311,41.7384350,
6352111957,22.2018701,41.7384351,
6352111958,22.2018016,41.7384152,
6352111959,22.2018626,41.7384151,
6352111960,22.2018627,41.7384350,
6352111961,22.2018018,41.7384351,
6352111962,22.2017346,41.7384167,
6352111963,22.2017955,41.7384166,
6352111964,22.2017956,41.7384365,
6352111965,22.2017347,41.7384366,
6352111966,22.2016695,41.7384172,
6352111967,22.2017305,41.7384171,
6352111968,22.2017306,41.7384370,
6352111969,22.2016697,41.7384371,
6352111970,22.2016018,41.7384182,
6352111971,22.2016627,41.7384181,
6352111972,22.2016629,41.7384380,
6352111973,22.2016019,41.7384381,
6352111974,22.2015334,41.7384202,
6352111975,22.2015943,41.7384201,
6352111976,22.2015945,41.7384400,
6352111977,22.2015335,41.7384401,
6352113198,22.1964640,41.7383714,
6352113199,22.1965179,41.7383924,
6352113200,22.1965055,41.7384101,
6352113201,22.1964516,41.7383890,
6352113202,22.1963996,41.7383468,
6352113203,22.1964535,41.7383679,
6352113204,22.1964411,41.7383856,
6352113205,22.1963872,41.7383645,
6352113206,22.1963319,41.7383233,
6352113207,22.1963858,41.7383444,
6352113208,22.1963734,41.7383621,
6352113209,22.1963195,41.7383410,
6352113210,22.1962668,41.7383003,
6352113211,22.1963208,41.7383214,
6352113212,22.1963083,41.7383391,
6352113213,22.1962544,41.7383179,
6352113214,22.1962045,41.7382753,
6352113215,22.1962584,41.7382963,
6352113216,22.1962460,41.7383141,
6352113217,22.1961921,41.7382929,
6352113218,22.1961406,41.7382445,
6352113219,22.1961892,41.7382719,
6352113220,22.1961730,41.7382879,
6352113221,22.1961245,41.7382603,
6352113222,22.1960823,41.7382144,
6352113223,22.1961308,41.7382419,
6352113224,22.1961146,41.7382578,
6352113225,22.1960662,41.7382303,
6352113226,22.1960213,41.7381789,
6352113227,22.1960698,41.7382064,
6352113228,22.1960536,41.7382223,
6352113229,22.1960051,41.7381948,
6352113230,22.1958682,41.7380917,
6352113231,22.1959144,41.7381212,
6352113232,22.1958969,41.7381364,
6352113233,22.1958508,41.7381068,
6352113234,22.1958159,41.7380576,
6352113235,22.1958621,41.7380872,
6352113236,22.1958446,41.7381024,
6352113237,22.1957985,41.7380728,
6352113238,22.1957649,41.7380246,
6352113239,22.1958111,41.7380542,
6352113240,22.1957937,41.7380694,
6352113241,22.1957475,41.7380397,
6352113242,22.1957146,41.7379916,
6352113243,22.1957608,41.7380212,
6352113244,22.1957434,41.7380364,
6352113245,22.1956972,41.7380067,
6352113246,22.1956589,41.7379601,
6352113247,22.1957052,41.7379896,
6352113248,22.1956877,41.7380048,
6352113249,22.1956416,41.7379752,
6352113250,22.1956066,41.7379270,
6352113251,22.1956529,41.7379566,
6352113252,22.1956354,41.7379718,
6352113253,22.1955893,41.7379422,
6352113254,22.1955523,41.7378925,
6352113255,22.1955986,41.7379221,
6352113256,22.1955811,41.7379373,
6352113257,22.1955349,41.7379076,
6352113258,22.1954994,41.7378600,
6352113259,22.1955456,41.7378896,
6352113260,22.1955281,41.7379048,
6352113261,22.1954820,41.7378751,
6352113262,22.1954450,41.7378270,
6352113263,22.1954913,41.7378565,
6352113264,22.1954738,41.7378717,
6352113265,22.1954277,41.7378421,
6352113266,22.1953906,41.7377927,
6352113267,22.1954368,41.7378222,
6352113268,22.1954194,41.7378374,
6352113269,22.1953732,41.7378078,
6352113270,22.1953330,41.7377571,
6352113271,22.1953793,41.7377867,
6352113272,22.1953618,41.7378019,
6352113273,22.1953156,41.7377723,
6352113492,22.1962796,41.7384383,
6352113493,22.1963297,41.7384125,
6352113494,22.1963449,41.7384290,
6352113495,22.1962947,41.7384547,
6352113496,22.1962512,41.7384235,
6352113497,22.1963013,41.7383978,
6352113498,22.1963166,41.7384142,
6352113499,22.1962663,41.7384399,
6352113500,22.1962231,41.7384075,
6352113501,22.1962733,41.7383818,
6352113502,22.1962885,41.7383982,
6352113503,22.1962383,41.7384240,
6352113504,22.1961844,41.7383935,
6352113505,22.1962345,41.7383677,
6352113506,22.1962497,41.7383842,
6352113507,22.1961995,41.7384099,
6352113508,22.1961538,41.7383801,
6352113509,22.1962039,41.7383544,
6352113510,22.1962191,41.7383708,
6352113511,22.1961689,41.7383965,
6352113512,22.1961155,41.7383657,
6352113513,22.1961656,41.7383399,
6352113514,22.1961809,41.7383564,
6352113515,22.1961306,41.7383821,
6352113516,22.1960808,41.7383508,
6352113517,22.1961309,41.7383250,
6352113518,22.1961462,41.7383415,
6352113519,22.1960959,41.7383672,
6352113520,22.1960490,41.7383387,
6352113521,22.1960991,41.7383130,
6352113522,22.1961143,41.7383294,
6352113523,22.1960641,41.7383551,
6352113524,22.1960242,41.7383186,
6352113525,22.1960744,41.7382928,
6352113526,22.1960896,41.7383093,
6352113527,22.1960394,41.7383350,
6352113528,22.1959965,41.7383073,
6352113529,22.1960419,41.7382769,
6352113530,22.1960598,41.7382918,
6352113531,22.1960143,41.7383221,
6352113532,22.1959724,41.7382912,
6352113533,22.1960178,41.7382609,
6352113534,22.1960357,41.7382758,
6352113535,22.1959902,41.7383060,
6352113536,22.1959442,41.7382768,
6352113537,22.1959895,41.7382465,
6352113538,22.1960074,41.7382614,
6352113539,22.1959620,41.7382917,
6352113540,22.1959098,41.7382591,
6352113541,22.1959551,41.7382287,
6352113542,22.1959730,41.7382436,
6352113543,22.1959276,41.7382739,
6352113544,22.1958824,41.7382404,
6352113545,22.1959278,41.7382100,
6352113546,22.1959457,41.7382249,
6352113547,22.1959003,41.7382552,
6352134197,22.1948756,41.7374766,
6352134198,22.1949219,41.7375062,
6352134199,22.1949044,41.7375214,
6352134200,22.1948582,41.7374918,
6352134201,22.1948158,41.7374363,
6352134202,22.1948621,41.7374659,
6352134203,22.1948446,41.7374811,
6352134204,22.1947984,41.7374515,
6352134205,22.1947592,41.7374003,
6352134206,22.1948055,41.7374299,
6352134207,22.1947880,41.7374451,
6352134208,22.1947418,41.7374155,
6352134209,22.1947001,41.7373620,
6352134210,22.1947464,41.7373916,
6352134211,22.1947289,41.7374068,
6352134212,22.1946827,41.7373772,
6352134213,22.1946410,41.7373260,
6352134214,22.1946873,41.7373556,
6352134215,22.1946698,41.7373708,
6352134216,22.1946236,41.7373412,
6352134217,22.1945824,41.7372915,
6352134218,22.1946305,41.7373195,
6352134219,22.1946139,41.7373353,
6352134220,22.1945659,41.7373073,
6352134221,22.1945258,41.7372598,
6352134222,22.1945739,41.7372878,
6352134223,22.1945574,41.7373036,
6352134224,22.1945094,41.7372756,
6352134225,22.1944648,41.7372282,
6352134226,22.1945168,41.7372520,
6352134227,22.1945027,41.7372690,
6352134228,22.1944508,41.7372453,
6352134229,22.1944012,41.7372009,
6352134230,22.1944531,41.7372246,
6352134231,22.1944391,41.7372417,
6352134232,22.1943872,41.7372179,
6352134233,22.1943394,41.7371735,
6352134234,22.1943914,41.7371973,
6352134235,22.1943774,41.7372144,
6352134236,22.1943255,41.7371906,
6352134237,22.1942803,41.7371471,
6352134238,22.1943323,41.7371709,
6352134239,22.1943182,41.7371880,
6352134240,22.1942664,41.7371642,
6352134241,22.1940915,41.7371004,
6352134242,22.1941493,41.7371150,
6352134243,22.1941407,41.7371340,
6352134244,22.1940830,41.7371194,
6352134245,22.1941552,41.7371167,
6352134246,22.1942129,41.7371313,
6352134247,22.1942043,41.7371503,
6352134248,22.1941466,41.7371357,
6352134249,22.1942153,41.7371292,
6352134250,22.1942730,41.7371438,
6352134251,22.1942644,41.7371627,
6352134252,22.1942067,41.7371481,
6352134253,22.1947609,41.7374781,
6352134254,22.1948072,41.7375077,
6352134255,22.1947897,41.7375229,
6352134256,22.1947435,41.7374933,
6352134257,22.1947026,41.7374449,
6352134258,22.1947489,41.7374745,
6352134259,22.1947314,41.7374897,
6352134260,22.1946852,41.7374601,
6352134261,22.1946341,41.7374074,
6352134262,22.1946804,41.7374370,
6352134263,22.1946629,41.7374522,
6352134264,22.1946167,41.7374226,
6352134265,22.1945718,41.7373739,
6352134266,22.1946181,41.7374035,
6352134267,22.1946006,41.7374187,
6352134268,22.1945544,41.7373891,
6352134269,22.1945123,41.7373385,
6352134270,22.1945586,41.7373681,
6352134271,22.1945411,41.7373833,
6352134272,22.1944949,41.7373537,
6352134273,22.1944523,41.7373059,
6352134274,22.1944986,41.7373355,
6352134275,22.1944811,41.7373507,
6352134276,22.1944349,41.7373211,
6352134277,22.1936773,41.7370244,
6352134278,22.1937363,41.7370359,
6352134279,22.1937295,41.7370553,
6352134280,22.1936706,41.7370438,
6352134281,22.1935996,41.7370103,
6352134282,22.1936586,41.7370218,
6352134283,22.1936517,41.7370412,
6352134284,22.1935928,41.7370296,
6352134285,22.1935211,41.7369964,
6352134286,22.1935801,41.7370079,
6352134287,22.1935733,41.7370272,
6352134288,22.1935144,41.7370157,
6352134289,22.1934456,41.7369806,
6352134290,22.1935046,41.7369920,
6352134291,22.1934978,41.7370114,
6352134292,22.1934389,41.7369999,
6352134303,22.1932906,41.7369550,
6352134304,22.1933502,41.7369649,
6352134305,22.1933443,41.7369844,
6352134306,22.1932849,41.7369745,
6352134307,22.1932248,41.7369427,
6352134308,22.1932843,41.7369526,
6352134309,22.1932784,41.7369722,
6352134310,22.1932190,41.7369622,
6352134311,22.1931570,41.7369319,
6352134312,22.1932165,41.7369418,
6352134313,22.1932106,41.7369614,
6352134314,22.1931512,41.7369514,
6352134315,22.1930908,41.7369209,
6352134316,22.1931503,41.7369308,
6352134317,22.1931444,41.7369503,
6352134318,22.1930850,41.7369404,
6352134319,22.1930252,41.7369094,
6352134320,22.1930847,41.7369193,
6352134321,22.1930788,41.7369388,
6352134322,22.1930194,41.7369289,
6352134323,22.1929577,41.7368998,
6352134324,22.1930172,41.7369097,
6352134325,22.1930113,41.7369292,
6352134326,22.1929519,41.7369193,
6352134327,22.1928928,41.7368897,
6352134328,22.1929523,41.7368996,
6352134329,22.1929464,41.7369192,
6352134330,22.1928870,41.7369092,
6352134331,22.1928214,41.7368787,
6352134332,22.1928809,41.7368886,
6352134333,22.1928751,41.7369081,
6352134334,22.1928156,41.7368982,
6352134338,22.1926662,41.7368564,
6352134339,22.1927257,41.7368663,
6352134340,22.1927198,41.7368859,
6352134341,22.1926604,41.7368759,
6352134342,22.1925970,41.7368437,
6352134343,22.1926565,41.7368536,
6352134344,22.1926506,41.7368731,
6352134345,22.1925912,41.7368632,
6352134346,22.1925292,41.7368319,
6352134347,22.1925887,41.7368418,
6352134348,22.1925828,41.7368613,
6352134349,22.1925234,41.7368514,
6352134350,22.1924618,41.7368201,
6352134351,22.1925213,41.7368300,
6352134352,22.1925154,41.7368495,
6352134353,22.1924560,41.7368396,
6352134354,22.1923924,41.7368079,
6352134355,22.1924520,41.7368178,
6352134356,22.1924461,41.7368374,
6352134357,22.1923867,41.7368274,
6352134358,22.1923251,41.7367957,
6352134359,22.1923846,41.7368056,
6352134360,22.1923787,41.7368252,
6352134361,22.1923193,41.7368152,
6352134362,22.1922598,41.7367809,
6352134363,22.1923193,41.7367908,
6352134364,22.1923134,41.7368103,
6352134365,22.1922540,41.7368004,
6352134366,22.1921964,41.7367608,
6352134367,22.1922526,41.7367784,
6352134368,22.1922421,41.7367969,
6352134369,22.1921860,41.7367792,
6352134370,22.1921321,41.7367410,
6352134371,22.1921883,41.7367587,
6352134372,22.1921779,41.7367771,
6352134373,22.1921218,41.7367594,
6352134374,22.1920684,41.7367205,
6352134375,22.1921246,41.7367381,
6352134376,22.1921141,41.7367566,
6352134377,22.1920580,41.7367389,
6352134378,22.1920036,41.7367022,
6352134379,22.1920598,41.7367198,
6352134380,22.1920493,41.7367383,
6352134381,22.1919932,41.7367206,
6352169050,22.1914823,41.7365433,
6352169051,22.1915367,41.7365637,
6352169052,22.1915246,41.7365816,
6352169053,22.1914702,41.7365611,
6352169054,22.1914172,41.7365193,
6352169055,22.1914717,41.7365397,
6352169056,22.1914596,41.7365576,
6352169057,22.1914052,41.7365371,
6352169058,22.1913528,41.7364963,
6352169059,22.1914073,41.7365167,
6352169060,22.1913952,41.7365346,
6352169061,22.1913408,41.7365141,
6352169062,22.1912865,41.7364728,
6352169063,22.1913409,41.7364931,
6352169064,22.1913288,41.7365111,
6352169065,22.1912744,41.7364906,
6352169066,22.1912241,41.7364492,
6352169067,22.1912786,41.7364696,
6352169068,22.1912664,41.7364876,
6352169069,22.1912121,41.7364671,
6352169070,22.1911591,41.7364277,
6352169071,22.1912135,41.7364481,
6352169072,22.1912014,41.7364660,
6352169073,22.1911470,41.7364456,
6352169074,22.1910960,41.7364052,
6352169075,22.1911505,41.7364256,
6352169076,22.1911384,41.7364435,
6352169077,22.1910840,41.7364230,
6352169078,22.1910337,41.7363817,
6352169079,22.1910881,41.7364021,
6352169080,22.1910760,41.7364200,
6352169081,22.1910216,41.7363995,
6352169082,22.1909700,41.7363587,
6352169083,22.1910244,41.7363791,
6352169084,22.1910123,41.7363970,
6352169185,22.1909579,41.7363765,
6352169186,22.1909069,41.7363352,
6352169187,22.1909614,41.7363555,
6352169188,22.1909493,41.7363735,
6352169189,22.1908949,41.7363530,
6352169190,22.1908412,41.7363116,
6352169191,22.1908957,41.7363320,
6352169192,22.1908836,41.7363500,
6352169193,22.1908292,41.7363295,
6352169194,22.1906997,41.7362709,
6352169195,22.1907569,41.7362868,
6352169196,22.1907474,41.7363056,
6352169197,22.1906904,41.7362897,
6352169198,22.1906305,41.7362574,
6352169199,22.1906899,41.7362675,
6352169200,22.1906839,41.7362871,
6352169201,22.1906245,41.7362769,
6352169202,22.1905607,41.7362498,
6352169203,22.1906213,41.7362548,
6352169204,22.1906183,41.7362747,
6352169205,22.1905577,41.7362696,
6352169206,22.1904888,41.7362457,
6352169207,22.1905497,41.7362437,
6352169208,22.1905507,41.7362638,
6352169209,22.1904899,41.7362656,
6352169210,22.1904122,41.7362491,
6352169211,22.1904727,41.7362436,
6352169212,22.1904758,41.7362635,
6352169213,22.1904154,41.7362689,
6352169214,22.1903418,41.7362556,
6352169215,22.1904023,41.7362501,
6352169216,22.1904054,41.7362700,
6352169217,22.1903450,41.7362754,
6352169218,22.1902700,41.7362611,
6352169219,22.1903305,41.7362556,
6352169220,22.1903337,41.7362755,
6352169221,22.1902732,41.7362809,
6352169222,22.1901976,41.7362671,
6352169223,22.1902581,41.7362616,
6352169224,22.1902613,41.7362816,
6352169225,22.1902008,41.7362869,
6352169226,22.1901265,41.7362736,
6352169227,22.1901870,41.7362681,
6352169228,22.1901902,41.7362881,
6352169229,22.1901297,41.7362934,
6352169230,22.1900543,41.7362839,
6352169231,22.1901143,41.7362760,
6352169232,22.1901189,41.7362957,
6352169233,22.1900589,41.7363036,
6352169234,22.1899832,41.7362939,
6352169235,22.1900432,41.7362860,
6352169236,22.1900478,41.7363058,
6352169237,22.1899879,41.7363136,
6352169238,22.1899148,41.7363039,
6352169239,22.1899748,41.7362960,
6352169240,22.1899795,41.7363158,
6352169241,22.1899195,41.7363236,
6352169242,22.1898437,41.7363134,
6352169243,22.1899037,41.7363055,
6352169244,22.1899084,41.7363253,
6352169245,22.1898484,41.7363331,
6352169246,22.1897747,41.7363229,
6352169247,22.1898347,41.7363150,
6352169248,22.1898393,41.7363348,
6352169249,22.1897793,41.7363426,
6352169250,22.1897056,41.7363334,
6352169251,22.1897656,41.7363255,
6352169252,22.1897702,41.7363453,
6352169253,22.1897102,41.7363531,
6352169254,22.1896365,41.7363430,
6352169255,22.1896965,41.7363350,
6352169256,22.1897012,41.7363548,
6352169257,22.1896412,41.7363626,
6352169258,22.1895555,41.7363461,
6352169259,22.1896164,41.7363446,
6352169260,22.1896172,41.7363647,
6352169261,22.1895563,41.7363660,
6352169262,22.1894845,41.7363476,
6352169263,22.1895454,41.7363461,
6352169264,22.1895461,41.7363662,
6352169265,22.1894853,41.7363675,
6352169266,22.1894140,41.7363471,
6352169267,22.1894750,41.7363456,
6352169268,22.1894757,41.7363657,
6352169269,22.1894149,41.7363670,
6352169270,22.1893430,41.7363486,
6352169271,22.1894039,41.7363471,
6352169272,22.1894047,41.7363672,
6352169273,22.1893438,41.7363685,
6352169274,22.1892739,41.7363486,
6352169275,22.1893348,41.7363471,
6352169276,22.1893356,41.7363672,
6352169277,22.1892747,41.7363685,
6352169278,22.1892035,41.7363501,
6352169279,22.1892644,41.7363486,
6352169280,22.1892652,41.7363687,
6352169281,22.1892043,41.7363700,
6352169282,22.1891338,41.7363501,
6352169283,22.1891947,41.7363486,
6352169284,22.1891954,41.7363687,
6352169285,22.1891346,41.7363700,
6352169286,22.1890609,41.7363421,
6352169287,22.1891207,41.7363509,
6352169288,22.1891154,41.7363706,
6352169289,22.1890557,41.7363617,
6352169290,22.1889891,41.7363325,
6352169291,22.1890489,41.7363414,
6352169292,22.1890436,41.7363611,
6352169293,22.1889839,41.7363521,
6352169294,22.1889181,41.7363215,
6352169295,22.1889778,41.7363304,
6352169296,22.1889725,41.7363501,
6352169297,22.1889128,41.7363411,
6352169298,22.1888470,41.7363085,
6352169299,22.1889068,41.7363174,
6352169300,22.1889014,41.7363371,
6352169301,22.1888417,41.7363281,
6352169302,22.1887766,41.7362970,
6352169303,22.1888364,41.7363059,
6352169304,22.1888310,41.7363256,
6352169305,22.1887713,41.7363166,
6352169306,22.1887068,41.7362850,
6352169307,22.1887666,41.7362938,
6352169308,22.1887613,41.7363135,
6352169309,22.1887016,41.7363046,
6352169310,22.1886418,41.7362735,
6352169311,22.1887016,41.7362823,
6352169312,22.1886963,41.7363020,
6352169313,22.1886365,41.7362931,
6352169314,22.1885768,41.7362630,
6352169315,22.1886365,41.7362718,
6352169316,22.1886312,41.7362915,
6352169317,22.1885715,41.7362826,
6633153178,22.2021399,41.7479699,
7273779548,22.4732189,42.1806553,
7273779549,22.4732152,42.1805161,
7273779550,22.4731373,42.1803718,
7273779551,22.4731295,42.1802564,
7273779552,22.4732113,42.1801179,
7273779553,22.4733359,42.1800660,
7273779554,22.4734488,42.1799563,
8856141491,21.3340208,41.0289704,
8856152076,21.3355838,41.0289425,
9032575221,21.4421131,41.9821767,
9227123907,20.7881102,41.1393730,
9227123908,20.7881086,41.1392715,
9227123909,20.7880697,41.1392678,
9227123910,20.7879118,41.1392759,
9227123911,20.7879275,41.1393556,
9227123912,20.7879721,41.1393693,
1000000358918319,21.3925247,41.9982334,
1000000358918330,21.3922496,41.9986684,
1000000358918334,21.3922002,41.9987082,
1000000358918339,21.3921511,41.9987476,
1000000358918344,21.3920546,41.9988253,
1000000358918360,21.3925371,41.9983262,
1000000358918366,21.3925277,41.9982568,
1000000358918385,21.3921016,41.9987874,
1000000358918391,21.3925402,41.9983494,
1000000358918397,21.3922249,41.9986883,
1000000358918403,21.3921756,41.9987279,
1000000358918409,21.3920781,41.9988064,
1000000358918415,21.3925309,41.9982800,
1000000358918426,21.3925339,41.9983029,
1000000358918432,21.3921262,41.9987677,
1000000360572586,21.4029638,42.0091917,
1000000360572592,21.4029490,42.0090220,
1000000360572602,21.4029528,42.0090649,
1000000360572605,21.4029564,42.0091077,
1000000360572610,21.4029674,42.0092337,
1000000360572611,21.4029601,42.0091497,
1000000397793439,21.7248572,42.1296165,
1000000445980729,22.1757161,41.7548765,
1000000446059976,22.1820379,41.7483444,
1000000446062761,22.1860633,41.7474339,
1000000446064211,22.1757878,41.7558079,
1000000446067010,22.1610632,41.7606785,
1000000608049899,20.9123666,41.7895877,
1000000608049900,20.9128493,41.7893874,
1000000608049901,20.9133266,41.7891783,
1000000608049904,20.9143532,41.7889604,
1000000608049905,20.8988629,41.7967087,
1000000608049906,20.9003539,41.7938484,
1000000678384618,22.1897232,41.7360277,
1000000678384619,22.1897967,41.7360172,
1000000678384620,22.1898684,41.7360074,
1000000678384621,22.1896546,41.7360380,
1000000678384623,22.1895801,41.7360478,
1000000678384625,22.1893584,41.7360530,
1000000678384627,22.1895026,41.7360522,
1000000678384629,22.1894282,41.7360547,
1000000678384631,22.1892853,41.7360527,
1000000678384633,22.1892109,41.7360462,
1000000678384635,22.1891339,41.7360397,
1000000678384636,22.1890641,41.7360332,
1000000678384638,22.1889950,41.7360252,
1000000678384640,22.1889172,41.7360102,
1000000678384642,22.1888548,41.7359987,
1000000678384644,22.1887872,41.7359872,
1000000678384646,22.1899346,41.7359996,
1000000678384648,22.1900001,41.7359903,
1000000678384650,22.1900709,41.7359802,
1000000678384652,22.1901556,41.7359670,
1000000678384654,22.1903339,41.7359396,
1000000678384656,22.1904169,41.7359348,
1000000678384658,22.1904919,41.7359332,
1000000678384660,22.1905617,41.7359309,
1000000678384662,22.1906362,41.7359344,
1000000678384664,22.1907054,41.7359451,
1000000678384666,22.1907735,41.7359579,
1000000678384669,22.1908437,41.7359714,
1000000678384672,22.1909135,41.7359880,
1000000678384675,22.1909832,41.7360119,
1000000678384678,22.1910450,41.7360345,
1000000678384680,22.1911120,41.7360575,
1000000678384682,22.1911834,41.7360818,
1000000678384684,22.1912430,41.7361032,
1000000678384686,22.1913074,41.7361270,
1000000678384688,22.1914346,41.7361763,
1000000678384690,22.1914990,41.7362005,
1000000678384692,22.1915740,41.7362267,
1000000678384694,22.1916389,41.7362509,
1000000678384696,22.1917017,41.7362736,
1000000678384698,22.1917640,41.7362942,
1000000678384700,22.1918278,41.7363177,
1000000678384702,22.1918912,41.7363423,
1000000678384704,22.1923203,41.7364826,
1000000678384706,22.1923922,41.7365041,
1000000678384708,22.1924690,41.7365223,
1000000678384711,22.1925430,41.7365404,
1000000678384713,22.1926143,41.7365515,
1000000678384715,22.1927588,41.7365723,
1000000678384717,22.1928315,41.7365824,
1000000678384718,22.1929100,41.7365925,
1000000678384721,22.1929768,41.7366038,
1000000678384723,22.1930519,41.7366165,
1000000678384725,22.1931221,41.7366272,
1000000678384727,22.1931897,41.7366379,
1000000678384729,22.1932640,41.7366486,
1000000678384731,22.1933299,41.7366600,
1000000678384733,22.1933922,41.7366688,
1000000678384735,22.1942052,41.7368003,
1000000678384737,22.1942722,41.7368243,
1000000678384739,22.1943393,41.7368458,
1000000678384741,22.1944077,41.7368683,
1000000678384743,22.1944714,41.7368908,
1000000678384746,22.1945377,41.7369163,
1000000678384748,22.1945967,41.7369409,
1000000678384750,22.1946585,41.7369664,
1000000678384752,22.1947168,41.7369914,
1000000678384754,22.1947765,41.7370199,
1000000678384756,22.1948388,41.7370514,
1000000678384758,22.1948884,41.7370855,
1000000678384760,22.1949388,41.7371200,
1000000678384762,22.1949890,41.7371535,
1000000678384764,22.1950400,41.7371875,
1000000678384766,22.1950904,41.7372211,
1000000678384768,22.1951406,41.7372536,
1000000678384770,22.1955964,41.7375309,
1000000678384772,22.1956474,41.7375644,
1000000678384774,22.1956990,41.7375985,
1000000678384776,22.1957492,41.7376308,
1000000678384778,22.1958021,41.7376635,
1000000678384780,22.1958553,41.7376956,
1000000678384782,22.1959106,41.7377282,
1000000678384784,22.1959675,41.7377628,
1000000678384786,22.1960203,41.7377949,
1000000678384788,22.1960793,41.7378295,
1000000678384790,22.1961805,41.7378934,
1000000678384792,22.1962305,41.7379248,
1000000678384794,22.1962811,41.7379562,
1000000678384796,22.1963396,41.7379899,
1000000678384798,22.1964002,41.7380217,
1000000678384800,22.1964646,41.7380431,
1000000678384802,22.1965264,41.7380650,
1000000678384804,22.1965908,41.7380861,
1000000678384806,22.1966568,41.7380996,
1000000678384808,22.1967276,41.7381135,
1000000678384810,22.1967920,41.7381254,
1000000678385944,22.1972294,41.7381796,
1000000678385945,22.1973002,41.7381855,
1000000678385946,22.1973753,41.7381923,
1000000678385947,22.1974481,41.7381970,
1000000678385948,22.1975253,41.7381970,
1000000678385949,22.1975897,41.7381855,
1000000678385950,22.1976547,41.7381728,
1000000678385951,22.1977196,41.7381597,
1000000678385952,22.1977867,41.7381450,
1000000678385953,22.1978526,41.7381275,
1000000678385954,22.1979134,41.7381049,
1000000678385955,22.1979810,41.7380799,
1000000678385956,22.1980432,41.7380541,
1000000678385957,22.1981055,41.7380246,
1000000678385958,22.1981645,41.7379953,
1000000678385959,22.1982209,41.7379671,
1000000678385960,22.1982853,41.7379361,
1000000678385961,22.1983444,41.7379063,
1000000678385962,22.1984029,41.7378789,
1000000678385963,22.1985317,41.7378237,
1000000678385964,22.1985861,41.7377979,
1000000678385965,22.1986419,41.7377709,
1000000678385966,22.1986989,41.7377419,
1000000678385967,22.1987553,41.7377137,
1000000678385968,22.1988117,41.7376867,
1000000678385969,22.1988676,41.7376605,
1000000678385970,22.1989235,41.7376355,
1000000678385971,22.1989831,41.7376132,
1000000678385972,22.1990416,41.7375890,
1000000678385973,22.1990991,41.7375652,
1000000678385974,22.1991597,41.7375386,
1000000678385975,22.1992226,41.7375108,
1000000678385976,22.1992933,41.7374798,
1000000678385977,22.1993540,41.7374524,
1000000678385978,22.1994131,41.7374222,
1000000678385979,22.1994754,41.7373944,
1000000678385980,22.1995392,41.7373646,
1000000678385981,22.1996026,41.7373364,
1000000678385982,22.1996595,41.7373090,
1000000678385983,22.1997165,41.7372804,
1000000678385984,22.1997729,41.7372526,
1000000678385985,22.1998341,41.7372228,
1000000678385986,22.1998969,41.7371950,
1000000678385987,22.1999517,41.7371688,
1000000678385988,22.2000156,41.7371458,
1000000678385989,22.2000811,41.7371235,
1000000678385990,22.2001438,41.7370997,
1000000678385991,22.2001992,41.7370727,
1000000678385992,22.2002550,41.7370445,
1000000678385993,22.2003104,41.7370163,
1000000678385994,22.2003631,41.7369885,
1000000678385995,22.2004164,41.7369599,
1000000678385996,22.2004706,41.7369321,
1000000678385997,22.2005254,41.7369047,
1000000678385998,22.2005818,41.7368769,
1000000678385999,22.2006382,41.7368483,
1000000678386000,22.2006926,41.7368209,
1000000678386001,22.2007484,41.7367927,
1000000678389205,22.2020333,41.7384255,
1000000678389208,22.2021051,41.7384230,
1000000678389211,22.2019005,41.7384251,
1000000678389214,22.2018321,41.7384251,
1000000678389218,22.2017651,41.7384266,
1000000678389221,22.2017000,41.7384271,
1000000678389224,22.2016323,41.7384281,
1000000678389227,22.2015639,41.7384301,
1000000678389235,22.1964847,41.7383907,
1000000678389237,22.1964203,41.7383662,
1000000678389239,22.1963526,41.7383427,
1000000678389242,22.1962876,41.7383197,
1000000678389244,22.1962252,41.7382947,
1000000678389246,22.1961568,41.7382662,
1000000678389248,22.1960985,41.7382361,
1000000678389251,22.1960374,41.7382006,
1000000678389253,22.1958826,41.7381140,
1000000678389255,22.1958302,41.7380800,
1000000678389257,22.1957792,41.7380470,
1000000678389258,22.1957290,41.7380140,
1000000678389261,22.1956734,41.7379824,
1000000678389263,22.1956210,41.7379494,
1000000678389265,22.1955667,41.7379149,
1000000678389267,22.1955138,41.7378824,
1000000678389269,22.1954594,41.7378493,
1000000678389272,22.1954050,41.7378150,
1000000678389274,22.1953474,41.7377795,
1000000678389287,22.1963122,41.7384336,
1000000678389289,22.1962839,41.7384188,
1000000678389291,22.1962557,41.7384029,
1000000678389294,22.1962170,41.7383888,
1000000678389296,22.1961864,41.7383754,
1000000678389298,22.1961481,41.7383610,
1000000678389300,22.1961135,41.7383461,
1000000678389302,22.1960816,41.7383340,
1000000678389304,22.1960569,41.7383139,
1000000678389307,22.1960281,41.7382995,
1000000678389309,22.1960040,41.7382834,
1000000678389311,22.1959758,41.7382691,
1000000678389313,22.1959414,41.7382513,
1000000678389315,22.1959140,41.7382326,
1000000678391885,22.1948900,41.7374990,
1000000678391886,22.1948302,41.7374587,
1000000678391887,22.1947736,41.7374227,
1000000678391888,22.1947145,41.7373844,
1000000678391889,22.1946554,41.7373484,
1000000678391890,22.1945981,41.7373134,
1000000678391891,22.1945416,41.7372817,
1000000678391892,22.1944838,41.7372486,
1000000678391893,22.1944201,41.7372213,
1000000678391894,22.1943584,41.7371939,
1000000678391895,22.1942993,41.7371675,
1000000678391896,22.1941161,41.7371172,
1000000678391897,22.1941797,41.7371335,
1000000678391898,22.1942398,41.7371459,
1000000678391899,22.1947753,41.7375005,
1000000678391900,22.1947170,41.7374673,
1000000678391901,22.1946485,41.7374298,
1000000678391902,22.1945862,41.7373963,
1000000678391903,22.1945267,41.7373609,
1000000678391904,22.1944667,41.7373283,
1000000678391905,22.1937034,41.7370398,
1000000678391906,22.1936257,41.7370257,
1000000678391907,22.1935472,41.7370118,
1000000678391908,22.1934717,41.7369960,
1000000678391910,22.1933175,41.7369697,
1000000678391911,22.1932516,41.7369574,
1000000678391912,22.1931838,41.7369466,
1000000678391913,22.1931176,41.7369356,
1000000678391914,22.1930520,41.7369241,
1000000678391915,22.1929845,41.7369145,
1000000678391916,22.1929196,41.7369044,
1000000678391917,22.1928482,41.7368934,
1000000678391919,22.1926930,41.7368711,
1000000678391920,22.1926238,41.7368584,
1000000678391921,22.1925560,41.7368466,
1000000678391922,22.1924886,41.7368348,
1000000678391923,22.1924193,41.7368226,
1000000678391924,22.1923519,41.7368104,
1000000678391925,22.1922866,41.7367956,
1000000678391926,22.1922193,41.7367788,
1000000678391927,22.1921550,41.7367590,
1000000678391928,22.1920913,41.7367385,
1000000678391929,22.1920265,41.7367202,
1000000678395818,22.1915034,41.7365624,
1000000678395819,22.1914384,41.7365384,
1000000678395821,22.1913740,41.7365154,
1000000678395822,22.1913076,41.7364919,
1000000678395824,22.1912453,41.7364684,
1000000678395825,22.1911802,41.7364468,
1000000678395827,22.1911172,41.7364243,
1000000678395828,22.1910548,41.7364008,
1000000678395830,22.1909911,41.7363778,
1000000678395831,22.1909281,41.7363543,
1000000678395832,22.1908624,41.7363308,
1000000678395834,22.1907236,41.7362882,
1000000678395835,22.1906571,41.7362722,
1000000678395837,22.1905894,41.7362622,
1000000678395838,22.1905197,41.7362546,
1000000678395840,22.1904440,41.7362562,
1000000678395841,22.1903736,41.7362627,
1000000678395843,22.1903018,41.7362682,
1000000678395844,22.1902294,41.7362742,
1000000678395848,22.1901583,41.7362807,
1000000678395850,22.1900865,41.7362898,
1000000678395854,22.1900155,41.7362998,
1000000678395857,22.1899471,41.7363098,
1000000678395860,22.1898760,41.7363193,
1000000678395861,22.1898069,41.7363288,
1000000678395863,22.1897379,41.7363393,
1000000678395864,22.1896688,41.7363488,
1000000678395866,22.1895863,41.7363553,
1000000678395867,22.1895152,41.7363568,
1000000678395869,22.1894448,41.7363563,
1000000678395870,22.1893738,41.7363578,
1000000678395872,22.1893047,41.7363578,
1000000678395873,22.1892343,41.7363593,
1000000678395875,22.1891646,41.7363593,
1000000678395876,22.1890881,41.7363563,
1000000678395877,22.1890163,41.7363468,
1000000678395879,22.1889453,41.7363358,
1000000678395880,22.1888742,41.7363228,
1000000678395882,22.1888038,41.7363113,
1000000678395883,22.1887341,41.7362992,
1000000678395884,22.1886690,41.7362877,
1000000678395885,22.1886039,41.7362772,
1000000779033230,22.4732891,42.1803058,
1000000999516013,20.7880110,41.1393204,
